{"mean": [0.5266590003004056, 0.7094540235598492, 2.0563080107527417e-07, 0.605626965095126, 0.6613368275505283, -0.04519248914752264, 0.6451092793924516, 0.5831406326700885, -0.06526854209393557, 0.6234847078658566, 0.5191651402281121, -0.08247234321740493, 0.5851428077575164, 0.4877901414599983, -0.09698794336763594, 0.585158678862095, 0.473049192672124, -0.03281799019039831, 0.575704969185009, 0.3979171508291545, -0.07171016195384661, 0.5735956620275696, 0.3904908390477897, -0.09902737622785336, 0.5732670336924052, 0.3858199511474759, -0.11508847224552177, 0.5271387339181898, 0.4737463179708416, -0.03302226218479601, 0.5139069279620848, 0.4030065762317779, -0.077341549888837, 0.5234502271847407, 0.4264966072292703, -0.10063054126828924, 0.5328883559608837, 0.4409919521999397, -0.10993147248691083, 0.47690494415577045, 0.4924381168857028, -0.039680584024847074, 0.4631381904965011, 0.4378399300693894, -0.09142445120842467, 0.4883947073322148, 0.4853413895252636, -0.10263004765249832, 0.5092979416686652, 0.5178102237845591, -0.09852558954700645, 0.4325804976559704, 0.5234628475983266, -0.04962336250224953, 0.42190302594020146, 0.478870055428827, -0.08746949002772401, 0.43737400973032436, 0.5005468563834482, -0.09081659438487331, 0.44991614161233595, 0.5167452943335359, -0.08605188221773225], "scale": [0.1836461304474569, 0.17192241726554497, 6.027796056843062e-07, 0.16205292104449426, 0.16348498271543177, 0.04098106718639772, 0.15299747751216353, 0.15448104547491665, 0.061423966134276205, 0.16513195503466357, 0.1559255762088599, 0.07357345605138477, 0.1896550173396405, 0.16340432810298613, 0.0862378173309847, 0.151170436972372, 0.14707182760105683, 0.07298412321103484, 0.16382774791019922, 0.14543733573757686, 0.09094809427660967, 0.1788168664768586, 0.15821696706819563, 0.09949584916192777, 0.19570595447618952, 0.185075540773501, 0.1040345722058624, 0.1494751410218152, 0.1463724513933287, 0.059130225440357335, 0.15783304796014078, 0.14820612408692457, 0.0793156182723955, 0.16589836837430255, 0.17093502461681762, 0.08249535070590414, 0.17680008979882542, 0.2039196375048336, 0.08359165661423201, 0.15303491478384074, 0.14944391439993004, 0.051391617335032454, 0.15836934120895468, 0.15311715696243988, 0.07216675319911842, 0.1639356368307388, 0.16762024846150508, 0.07178816881529042, 0.1702002665487848, 0.18674851644424723, 0.07048990573789646, 0.16229067757625074, 0.15607730383994278, 0.053837910440677386, 0.1664381595314685, 0.15894425850802596, 0.06891465643627093, 0.1751318599236308, 0.17159199528594127, 0.06889162077824945, 0.1846627561463205, 0.18950567746139396, 0.06838570883934965]}